index,FIPS,Admin2,Province_State,Country_Region,Last_Update,Lat,Long_,Confirmed,Deaths,Recovered,Active,Combined_Key,Incidence_Rate,Case-Fatality_Ratio,Date,Incident_Rate,Case_Fatality_Ratio,Countyname,pop2010,pop2019,month,new_cases,new_cases_rolling,new_deaths,new_deaths_rolling,perc_infected,infect,schooling,change,herd_days,max_herd_days,new_cases_MNDH,ratio,new_cases_21days,new_cases_7days,new_cases_MNDH_previous,ratio_previous,trend,text
43.0,27001.0,Aitkin,Minnesota,US,2020-12-17 05:28:12,46.60962049,-93.41168259999999,942.0,31.0,0.0,911.0,"Aitkin, Minnesota, US",,,2020-12-16,5929.7494649376795,3.2908704883227182,Aitkin,16192.0,15886.0,December 2020,1.0,11.285714285714286,0.0,0.14285714285714285,5.929749464937681,Between 5% and 10%,Elem. & MS/HS distance,0.07104188773583216,1042.6278481012648,1272.3630769230788,147.0,92.53430693692559,244.0,79.0,165.0,103.86503839858996,Downward,County: Aitkin<br>MN Dept of <br>Health Statistic:    92.53<br>Trending:             Downward<br>Percent Infected:      5.93<br>New Cases / Total Cases: 1 / 942<br>New Deaths/ Total Deaths:         0 / 31
87.0,27003.0,Anoka,Minnesota,US,2020-12-17 05:28:12,45.27476015,-93.24604565,27164.0,268.0,0.0,26896.0,"Anoka, Minnesota, US",,,2020-12-16,7610.647734372592,0.9865999116477692,Anoka,330858.0,356921.0,December 2020,161.0,219.71428571428572,3.0,3.0,7.610647734372592,Between 5% and 10%,Armageddon?,0.06155823997867481,1175.9490247074111,1175.9490247074111,3968.0,111.17306070531014,6642.0,1538.0,5104.0,143.00083211691103,Downward,County: Anoka<br>MN Dept of <br>Health Statistic:    111.17<br>Trending:             Downward<br>Percent Infected:      7.61<br>New Cases / Total Cases: 161 / 27164<br>New Deaths/ Total Deaths:         3 / 268
131.0,27005.0,Becker,Minnesota,US,2020-12-17 05:28:12,46.93479392,-95.67158144,2524.0,30.0,0.0,2494.0,"Becker, Minnesota, US",,,2020-12-16,7332.306887836621,1.1885895404120443,Becker,32506.0,34423.0,December 2020,18.0,19.142857142857142,1.0,0.8571428571428571,7.332306887836621,Between 5% and 10%,Armageddon?,0.05561065898630905,1306.7223880597,1306.7223880597,348.0,101.09519797809604,649.0,134.0,515.0,149.6092728698835,Downward,County: Becker<br>MN Dept of <br>Health Statistic:    101.1<br>Trending:             Downward<br>Percent Infected:      7.33<br>New Cases / Total Cases: 18 / 2524<br>New Deaths/ Total Deaths:         1 / 30
175.0,27007.0,Beltrami,Minnesota,US,2020-12-17 05:28:12,47.97373527,-94.93732139,2660.0,30.0,0.0,2630.0,"Beltrami, Minnesota, US",,,2020-12-16,5637.026362634568,1.1278195488721805,Beltrami,44443.0,47188.0,December 2020,21.0,26.857142857142858,1.0,1.4285714285714286,5.637026362634568,Between 5% and 10%,Elem. & MS/HS distance,0.05691519635742751,1306.5574468085088,1306.5574468085088,385.0,81.58853945918455,714.0,188.0,526.0,111.46901754683394,Downward,County: Beltrami<br>MN Dept of <br>Health Statistic:    81.59<br>Trending:             Downward<br>Percent Infected:      5.64<br>New Cases / Total Cases: 21 / 2660<br>New Deaths/ Total Deaths:         1 / 30
219.0,27009.0,Benton,Minnesota,US,2020-12-17 05:28:12,45.69804958,-93.99514135,3632.0,66.0,0.0,3566.0,"Benton, Minnesota, US",,,2020-12-16,8882.584558194136,1.817180616740088,Benton,38451.0,40889.0,December 2020,15.0,17.857142857142858,1.0,0.8571428571428571,8.882584558194136,Between 5% and 10%,Armageddon?,0.04367224157387766,1628.4352000000017,1628.4352000000017,460.0,112.49969429430898,846.0,125.0,721.0,176.33104257868865,Downward,County: Benton<br>MN Dept of <br>Health Statistic:    112.5<br>Trending:             Downward<br>Percent Infected:      8.88<br>New Cases / Total Cases: 15 / 3632<br>New Deaths/ Total Deaths:         1 / 66
263.0,27011.0,Big Stone,Minnesota,US,2020-12-17 05:28:12,45.42712824,-96.41403739,410.0,2.0,0.0,408.0,"Big Stone, Minnesota, US",,,2020-12-16,8214.786615908635,0.4878048780487805,Big Stone,5268.0,4991.0,December 2020,3.0,6.285714285714286,0.0,0.0,8.214786615908636,Between 5% and 10%,Armageddon?,0.125940979477345,569.9909090909088,1252.2666666666657,77.0,154.27769985974754,126.0,44.0,82.0,164.29573231817272,Downward,County: Big Stone<br>MN Dept of <br>Health Statistic:    154.28<br>Trending:             Downward<br>Percent Infected:      8.21<br>New Cases / Total Cases: 3 / 410<br>New Deaths/ Total Deaths:         0 / 2
307.0,27013.0,Blue Earth,Minnesota,US,2020-12-17 05:28:12,44.03554215,-94.06699781,4746.0,22.0,0.0,4724.0,"Blue Earth, Minnesota, US",,,2020-12-16,7015.209968515808,0.4635482511588706,Blue Earth,64013.0,67653.0,December 2020,14.0,26.857142857142858,0.0,0.5714285714285714,7.0152099685158085,Between 5% and 10%,Elem. & MS/HS distance,0.0396983768009443,1838.482978723405,1838.482978723405,480.0,70.95029045275155,875.0,188.0,687.0,101.54760321050064,Downward,County: Blue Earth<br>MN Dept of <br>Health Statistic:    70.95<br>Trending:             Downward<br>Percent Infected:      7.02<br>New Cases / Total Cases: 14 / 4746<br>New Deaths/ Total Deaths:         0 / 22
351.0,27015.0,Brown,Minnesota,US,2020-12-17 05:28:12,44.24205652,-94.72562874,1849.0,26.0,0.0,1823.0,"Brown, Minnesota, US",,,2020-12-16,7393.634037108125,1.4061654948620876,Brown,25893.0,25008.0,December 2020,9.0,17.0,2.0,1.0,7.393634037108125,Between 5% and 10%,Armageddon?,0.0679782469609724,1068.0823529411778,1068.0823529411778,339.0,135.55662188099808,599.0,119.0,480.0,191.93857965451056,Downward,County: Brown<br>MN Dept of <br>Health Statistic:    135.56<br>Trending:             Downward<br>Percent Infected:      7.39<br>New Cases / Total Cases: 9 / 1849<br>New Deaths/ Total Deaths:         2 / 26
395.0,27017.0,Carlton,Minnesota,US,2020-12-17 05:28:12,46.59180601,-92.67601019,2400.0,29.0,0.0,2371.0,"Carlton, Minnesota, US",,,2020-12-16,6690.641465250481,1.2083333333333333,Carlton,35386.0,35871.0,December 2020,17.0,24.571428571428573,0.0,1.1428571428571428,6.690641465250481,Between 5% and 10%,Armageddon?,0.06849942452518347,1070.218604651163,1070.218604651163,416.0,115.97111873100833,743.0,172.0,571.0,159.18151152741768,Downward,County: Carlton<br>MN Dept of <br>Health Statistic:    115.97<br>Trending:             Downward<br>Percent Infected:      6.69<br>New Cases / Total Cases: 17 / 2400<br>New Deaths/ Total Deaths:         0 / 29
439.0,27019.0,Carver,Minnesota,US,2020-12-17 05:28:12,44.82017001,-93.80099179999999,6002.0,26.0,0.0,5976.0,"Carver, Minnesota, US",,,2020-12-16,5711.349427628012,0.43318893702099304,Carver,91086.0,105089.0,December 2020,34.0,55.142857142857146,4.0,1.2857142857142858,5.711349427628011,Between 5% and 10%,Elem. & MS/HS distance,0.05247253008674286,1415.7626943005166,1681.5482352941185,989.0,94.11070616334726,1680.0,386.0,1294.0,123.1337247475949,Downward,County: Carver<br>MN Dept of <br>Health Statistic:    94.11<br>Trending:             Downward<br>Percent Infected:      5.71<br>New Cases / Total Cases: 34 / 6002<br>New Deaths/ Total Deaths:         4 / 26
483.0,27021.0,Cass,Minnesota,US,2020-12-17 05:28:12,46.95043611,-94.32603968,1793.0,13.0,0.0,1780.0,"Cass, Minnesota, US",,,2020-12-16,6021.021525235905,0.7250418293363079,Cass,28565.0,29779.0,December 2020,16.0,18.285714285714285,0.0,0.0,6.021021525235905,Between 5% and 10%,Elem. & MS/HS distance,0.06140472912359142,1204.7765624999997,1204.7765624999997,294.0,98.72729104402431,509.0,128.0,381.0,127.94250982235803,Downward,County: Cass<br>MN Dept of <br>Health Statistic:    98.73<br>Trending:             Downward<br>Percent Infected:      6.02<br>New Cases / Total Cases: 16 / 1793<br>New Deaths/ Total Deaths:         0 / 13
527.0,27023.0,Chippewa,Minnesota,US,2020-12-17 05:28:12,45.02343421,-95.56403693,1166.0,19.0,0.0,1147.0,"Chippewa, Minnesota, US",,,2020-12-16,9881.35593220339,1.6295025728987993,Chippewa,12443.0,11800.0,December 2020,11.0,14.714285714285714,1.0,0.5714285714285714,9.88135593220339,Between 5% and 10%,Armageddon?,0.1246973365617432,562.3106796116512,1052.8474576271187,216.0,183.05084745762713,361.0,103.0,258.0,218.64406779661016,Downward,County: Chippewa<br>MN Dept of <br>Health Statistic:    183.05<br>Trending:             Downward<br>Percent Infected:      9.88<br>New Cases / Total Cases: 11 / 1166<br>New Deaths/ Total Deaths:         1 / 19
571.0,27025.0,Chisago,Minnesota,US,2020-12-17 05:28:12,45.5021011,-92.90861945,3848.0,24.0,0.0,3824.0,"Chisago, Minnesota, US",,,2020-12-16,6801.10995245586,0.6237006237006237,Chisago,53890.0,56579.0,December 2020,23.0,36.0,0.0,0.7142857142857143,6.8011099524558585,Between 5% and 10%,Armageddon?,0.0636278477880486,1150.4222222222215,1150.4222222222215,579.0,102.33478852577811,913.0,252.0,661.0,116.82779829972252,Downward,County: Chisago<br>MN Dept of <br>Health Statistic:    102.33<br>Trending:             Downward<br>Percent Infected:      6.8<br>New Cases / Total Cases: 23 / 3848<br>New Deaths/ Total Deaths:         0 / 24
615.0,27027.0,Clay,Minnesota,US,2020-12-17 05:28:12,46.89289518,-96.48761922,5864.0,69.0,0.0,5795.0,"Clay, Minnesota, US",,,2020-12-16,9130.827442309488,1.1766712141882674,Clay,58999.0,64222.0,December 2020,37.0,34.42857142857143,0.0,0.7142857142857143,9.130827442309489,Between 5% and 10%,Armageddon?,0.05360868772160846,1321.9717842323669,1321.9717842323669,651.0,101.36713275824484,1226.0,241.0,985.0,153.37423312883436,Downward,County: Clay<br>MN Dept of <br>Health Statistic:    101.37<br>Trending:             Downward<br>Percent Infected:      9.13<br>New Cases / Total Cases: 37 / 5864<br>New Deaths/ Total Deaths:         0 / 69
659.0,27029.0,Clearwater,Minnesota,US,2020-12-17 05:28:12,47.57992111,-95.37790562,616.0,10.0,0.0,606.0,"Clearwater, Minnesota, US",,,2020-12-16,6985.71104558857,1.6233766233766234,Clearwater,8695.0,8818.0,December 2020,2.0,2.7142857142857144,0.0,0.0,6.985711045588569,Between 5% and 10%,Elem. & MS/HS distance,0.030781194310339162,2372.0421052631636,2372.0421052631636,78.0,88.45543207076435,163.0,19.0,144.0,163.30233613064186,Downward,County: Clearwater<br>MN Dept of <br>Health Statistic:    88.46<br>Trending:             Downward<br>Percent Infected:      6.99<br>New Cases / Total Cases: 2 / 616<br>New Deaths/ Total Deaths:         0 / 10
703.0,27031.0,Cook,Minnesota,US,2020-12-17 05:28:12,47.90504893,-90.52629546,99.0,0.0,0.0,99.0,"Cook, Minnesota, US",,,2020-12-16,1812.1911037891268,0.0,Cook,5176.0,5463.0,December 2020,2.0,0.8571428571428571,0.0,0.0,1.812191103789127,Less than 5%,"Elem. hybrid, MS/HS distance",0.015689966266572535,4983.299999999997,5056.800000000003,20.0,36.60992128866923,39.0,6.0,33.0,60.40637012630423,Downward,County: Cook<br>MN Dept of <br>Health Statistic:    36.61<br>Trending:             Downward<br>Percent Infected:      1.81<br>New Cases / Total Cases: 2 / 99<br>New Deaths/ Total Deaths:         0 / 0
747.0,27033.0,Cottonwood,Minnesota,US,2020-12-17 05:28:12,44.00715262,-95.18138802,1156.0,8.0,0.0,1148.0,"Cottonwood, Minnesota, US",,,2020-12-16,10325.116112897465,0.6920415224913494,Cottonwood,11687.0,11196.0,December 2020,8.0,12.714285714285714,3.0,0.42857142857142855,10.325116112897463,Between 10% and 15%,Armageddon?,0.11356096565099781,613.5460674157304,908.0696969696974,228.0,203.64415862808147,388.0,89.0,299.0,267.0596641657735,Downward,County: Cottonwood<br>MN Dept of <br>Health Statistic:    203.64<br>Trending:             Downward<br>Percent Infected:      10.33<br>New Cases / Total Cases: 8 / 1156<br>New Deaths/ Total Deaths:         3 / 8
791.0,27035.0,Crow Wing,Minnesota,US,2020-12-17 05:28:12,46.48096553,-94.06755609,4297.0,49.0,0.0,4248.0,"Crow Wing, Minnesota, US",,,2020-12-16,6605.18023211129,1.1403304631138005,Crow Wing,62512.0,65055.0,December 2020,15.0,30.571428571428573,1.0,1.0,6.60518023211129,Between 5% and 10%,Elem. & MS/HS distance,0.04699320355303754,1561.8177570093458,1561.8177570093458,535.0,82.2381062178157,951.0,214.0,737.0,113.28875566828069,Downward,County: Crow Wing<br>MN Dept of <br>Health Statistic:    82.24<br>Trending:             Downward<br>Percent Infected:      6.61<br>New Cases / Total Cases: 15 / 4297<br>New Deaths/ Total Deaths:         1 / 49
835.0,27037.0,Dakota,Minnesota,US,2020-12-17 05:28:12,44.67172617,-93.06299363,27798.0,241.0,0.0,27557.0,"Dakota, Minnesota, US",,,2020-12-16,6479.403106141656,0.8669688466796173,Dakota,398590.0,429021.0,December 2020,183.0,258.57142857142856,4.0,3.0,6.479403106141658,Between 5% and 10%,Armageddon?,0.06027010998795606,1219.8517127071805,1312.086038592509,4696.0,109.45851135492202,7702.0,1810.0,5892.0,137.33593460459977,Downward,County: Dakota<br>MN Dept of <br>Health Statistic:    109.46<br>Trending:             Downward<br>Percent Infected:      6.48<br>New Cases / Total Cases: 183 / 27798<br>New Deaths/ Total Deaths:         4 / 241
879.0,27039.0,Dodge,Minnesota,US,2020-12-17 05:28:12,44.02238415,-92.86244324,1077.0,3.0,0.0,1074.0,"Dodge, Minnesota, US",,,2020-12-16,5144.740613356263,0.2785515320334262,Dodge,20087.0,20934.0,December 2020,15.0,9.857142857142858,0.0,0.2857142857142857,5.144740613356262,Between 5% and 10%,Elem. & MS/HS distance,0.04708676247799204,1589.7304347826093,2769.643902439029,166.0,79.29683768032865,271.0,69.0,202.0,96.49374223750836,Downward,County: Dodge<br>MN Dept of <br>Health Statistic:    79.3<br>Trending:             Downward<br>Percent Infected:      5.14<br>New Cases / Total Cases: 15 / 1077<br>New Deaths/ Total Deaths:         0 / 3
923.0,27041.0,Douglas,Minnesota,US,2020-12-17 05:28:12,45.93348491,-95.45335469,3227.0,52.0,0.0,3175.0,"Douglas, Minnesota, US",,,2020-12-16,8460.711570226265,1.6114037806011776,Douglas,36011.0,38141.0,December 2020,24.0,25.0,2.0,1.0,8.460711570226266,Between 5% and 10%,Armageddon?,0.06554626255210927,1091.4320000000002,1091.4320000000002,443.0,116.14797724233765,851.0,175.0,676.0,177.2370939409035,Downward,County: Douglas<br>MN Dept of <br>Health Statistic:    116.15<br>Trending:             Downward<br>Percent Infected:      8.46<br>New Cases / Total Cases: 24 / 3227<br>New Deaths/ Total Deaths:         2 / 52
967.0,27043.0,Faribault,Minnesota,US,2020-12-17 05:28:12,43.67381499,-93.94787458,795.0,5.0,0.0,790.0,"Faribault, Minnesota, US",,,2020-12-16,5822.896066798506,0.6289308176100629,Faribault,14553.0,13653.0,December 2020,12.0,12.428571428571429,0.0,0.14285714285714285,5.8228960667985055,Between 5% and 10%,Armageddon?,0.09103179834887141,814.8482758620698,2006.9945945945938,205.0,150.15015015015015,287.0,87.0,200.0,146.48795136600015,Upward,County: Faribault<br>MN Dept of <br>Health Statistic:    150.15<br>Trending:             Upward<br>Percent Infected:      5.82<br>New Cases / Total Cases: 12 / 795<br>New Deaths/ Total Deaths:         0 / 5
1011.0,27045.0,Fillmore,Minnesota,US,2020-12-17 05:28:12,43.67394126,-92.08980382,939.0,0.0,0.0,939.0,"Fillmore, Minnesota, US",,,2020-12-16,4457.207955570323,0.0,Fillmore,20868.0,21067.0,December 2020,2.0,13.571428571428571,0.0,0.0,4.457207955570324,Less than 5%,Elem. & MS/HS distance,0.06442031884667289,1172.6547368421047,2356.2285714285726,191.0,90.66312241894907,307.0,95.0,212.0,100.6313191246974,Downward,County: Fillmore<br>MN Dept of <br>Health Statistic:    90.66<br>Trending:             Downward<br>Percent Infected:      4.46<br>New Cases / Total Cases: 2 / 939<br>New Deaths/ Total Deaths:         0 / 0
1055.0,27047.0,Freeborn,Minnesota,US,2020-12-17 05:28:12,43.67385583,-93.34884422,1819.0,15.0,0.0,1804.0,"Freeborn, Minnesota, US",,,2020-12-16,6007.067137809187,0.8246289169873557,Freeborn,31254.0,30281.0,December 2020,17.0,12.285714285714286,1.0,0.5714285714285714,6.007067137809187,Between 5% and 10%,Elem. & MS/HS distance,0.04057235324366536,1823.727906976741,1823.727906976741,223.0,73.64353885274595,373.0,86.0,287.0,94.7789042633995,Downward,County: Freeborn<br>MN Dept of <br>Health Statistic:    73.64<br>Trending:             Downward<br>Percent Infected:      6.01<br>New Cases / Total Cases: 17 / 1819<br>New Deaths/ Total Deaths:         1 / 15
1099.0,27049.0,Goodhue,Minnesota,US,2020-12-17 05:28:12,44.40849741,-92.72341949999999,2693.0,36.0,0.0,2657.0,"Goodhue, Minnesota, US",,,2020-12-16,5811.394044022441,1.3367991088005942,Goodhue,46184.0,46340.0,December 2020,23.0,28.714285714285715,1.0,0.14285714285714285,5.8113940440224425,Between 5% and 10%,Armageddon?,0.061964362784388625,1197.278606965175,1954.1395348837186,524.0,113.07725507121278,836.0,201.0,635.0,137.03064307293914,Downward,County: Goodhue<br>MN Dept of <br>Health Statistic:    113.08<br>Trending:             Downward<br>Percent Infected:      5.81<br>New Cases / Total Cases: 23 / 2693<br>New Deaths/ Total Deaths:         1 / 36
1143.0,27051.0,Grant,Minnesota,US,2020-12-17 05:28:12,45.93424769,-96.01139609,347.0,7.0,0.0,340.0,"Grant, Minnesota, US",,,2020-12-16,5810.448760884126,2.0172910662824206,Grant,6018.0,5972.0,December 2020,0.0,2.4285714285714284,0.0,0.14285714285714285,5.8104487608841255,Between 5% and 10%,Elem. & MS/HS distance,0.040665964979427774,1824.3647058823544,1824.3647058823544,52.0,87.073007367716,96.0,17.0,79.0,132.28399196249163,Downward,County: Grant<br>MN Dept of <br>Health Statistic:    87.07<br>Trending:             Downward<br>Percent Infected:      5.81<br>New Cases / Total Cases: 0 / 347<br>New Deaths/ Total Deaths:         0 / 7
1187.0,27053.0,Hennepin,Minnesota,US,2020-12-17 05:28:12,45.00761521,-93.47694895,80696.0,1259.0,0.0,79437.0,"Hennepin, Minnesota, US",,,2020-12-16,6374.882193131376,1.5601764647566174,Hennepin,1152385.0,1265843.0,December 2020,409.0,631.1428571428571,7.0,10.428571428571429,6.374882193131375,Between 5% and 10%,Elem. & MS/HS distance,0.04985948945823905,1476.6520597555461,1476.6520597555461,11798.0,93.2027115526965,19045.0,4418.0,14627.0,115.55145464326935,Downward,County: Hennepin<br>MN Dept of <br>Health Statistic:    93.2<br>Trending:             Downward<br>Percent Infected:      6.37<br>New Cases / Total Cases: 409 / 80696<br>New Deaths/ Total Deaths:         7 / 1259
1231.0,27055.0,Houston,Minnesota,US,2020-12-17 05:28:12,43.67129565,-91.49143057,1029.0,6.0,0.0,1023.0,"Houston, Minnesota, US",,,2020-12-16,5532.258064516129,0.5830903790087464,Houston,19020.0,18600.0,December 2020,25.0,17.714285714285715,0.0,0.2857142857142857,5.532258064516129,Between 5% and 10%,Armageddon?,0.09523809523809527,781.9112903225804,1158.0116279069766,260.0,139.78494623655914,387.0,124.0,263.0,141.3978494623656,Downward,County: Houston<br>MN Dept of <br>Health Statistic:    139.78<br>Trending:             Downward<br>Percent Infected:      5.53<br>New Cases / Total Cases: 25 / 1029<br>New Deaths/ Total Deaths:         0 / 6
1275.0,27057.0,Hubbard,Minnesota,US,2020-12-17 05:28:12,47.10778564,-94.91693868,1306.0,34.0,0.0,1272.0,"Hubbard, Minnesota, US",,,2020-12-16,6076.962449397423,2.603369065849924,Hubbard,20427.0,21491.0,December 2020,7.0,7.428571428571429,1.0,0.42857142857142855,6.076962449397422,Between 5% and 10%,Elem. & MS/HS distance,0.034565964490118874,2138.6076923076866,2270.5428571428592,129.0,60.02512679726397,268.0,52.0,216.0,100.50718905588386,Downward,County: Hubbard<br>MN Dept of <br>Health Statistic:    60.03<br>Trending:             Downward<br>Percent Infected:      6.08<br>New Cases / Total Cases: 7 / 1306<br>New Deaths/ Total Deaths:         1 / 34
1319.0,27059.0,Isanti,Minnesota,US,2020-12-17 05:28:12,45.56181234,-93.29487636,2443.0,25.0,0.0,2418.0,"Isanti, Minnesota, US",,,2020-12-16,6017.834269386148,1.0233319688907079,Isanti,37810.0,40596.0,December 2020,14.0,27.571428571428573,0.0,0.42857142857142855,6.017834269386147,Between 5% and 10%,Armageddon?,0.06791661388173369,1089.308808290154,1089.308808290154,448.0,110.35570006897231,700.0,193.0,507.0,124.88915164055572,Downward,County: Isanti<br>MN Dept of <br>Health Statistic:    110.36<br>Trending:             Downward<br>Percent Infected:      6.02<br>New Cases / Total Cases: 14 / 2443<br>New Deaths/ Total Deaths:         0 / 25
1363.0,27061.0,Itasca,Minnesota,US,2020-12-17 05:28:12,47.51009045,-93.63092229,2488.0,29.0,0.0,2459.0,"Itasca, Minnesota, US",,,2020-12-16,5512.96255262575,1.1655948553054662,Itasca,45058.0,45130.0,December 2020,14.0,27.142857142857142,0.0,0.42857142857142855,5.512962552625748,Between 5% and 10%,Armageddon?,0.0601437118166566,1238.4842105263167,1290.1368421052628,466.0,103.25725681364946,727.0,190.0,537.0,118.98958564148016,Downward,County: Itasca<br>MN Dept of <br>Health Statistic:    103.26<br>Trending:             Downward<br>Percent Infected:      5.51<br>New Cases / Total Cases: 14 / 2488<br>New Deaths/ Total Deaths:         0 / 29
1407.0,27063.0,Jackson,Minnesota,US,2020-12-17 05:28:12,43.67423373,-95.15398258,704.0,4.0,0.0,700.0,"Jackson, Minnesota, US",,,2020-12-16,7150.111720495634,0.5681818181818182,Jackson,10266.0,9846.0,December 2020,7.0,10.857142857142858,1.0,0.2857142857142857,7.150111720495633,Between 5% and 10%,Armageddon?,0.11026958010504627,660.6526315789475,2129.063999999997,186.0,188.90920170627666,268.0,76.0,192.0,195.00304692260818,Downward,County: Jackson<br>MN Dept of <br>Health Statistic:    188.91<br>Trending:             Downward<br>Percent Infected:      7.15<br>New Cases / Total Cases: 7 / 704<br>New Deaths/ Total Deaths:         1 / 4
1451.0,27065.0,Kanabec,Minnesota,US,2020-12-17 05:28:12,45.9459309,-93.29275192,865.0,18.0,0.0,847.0,"Kanabec, Minnesota, US",,,2020-12-16,5294.729754544898,2.0809248554913293,Kanabec,16244.0,16337.0,December 2020,3.0,11.0,0.0,0.14285714285714285,5.294729754544898,Between 5% and 10%,Armageddon?,0.06733182346820106,1109.5090909090902,1623.5672727272722,188.0,115.07620738201628,316.0,77.0,239.0,146.29368917181858,Downward,County: Kanabec<br>MN Dept of <br>Health Statistic:    115.08<br>Trending:             Downward<br>Percent Infected:      5.29<br>New Cases / Total Cases: 3 / 865<br>New Deaths/ Total Deaths:         0 / 18
1495.0,27067.0,Kandiyohi,Minnesota,US,2020-12-17 05:28:12,45.1526059,-95.00586446,5085.0,48.0,0.0,5037.0,"Kandiyohi, Minnesota, US",,,2020-12-16,11771.10581263455,0.9439528023598821,Kandiyohi,42239.0,43199.0,December 2020,29.0,39.42857142857143,0.0,1.7142857142857142,11.771105812634552,Between 10% and 15%,Armageddon?,0.09127195404655529,747.5340579710147,890.631496062992,765.0,177.08743257945787,1347.0,276.0,1071.0,247.922405611241,Downward,County: Kandiyohi<br>MN Dept of <br>Health Statistic:    177.09<br>Trending:             Downward<br>Percent Infected:      11.77<br>New Cases / Total Cases: 29 / 5085<br>New Deaths/ Total Deaths:         0 / 48
1539.0,27069.0,Kittson,Minnesota,US,2020-12-17 05:28:12,48.77754106,-96.78317184,330.0,14.0,0.0,316.0,"Kittson, Minnesota, US",,,2020-12-16,7677.989762680319,4.242424242424242,Kittson,4552.0,4298.0,December 2020,5.0,5.0,0.0,0.2857142857142857,7.677989762680316,Between 5% and 10%,Armageddon?,0.11633317822242908,621.6799999999998,860.8444444444443,90.0,209.39972080037228,139.0,35.0,104.0,241.9730107026524,Downward,County: Kittson<br>MN Dept of <br>Health Statistic:    209.4<br>Trending:             Downward<br>Percent Infected:      7.68<br>New Cases / Total Cases: 5 / 330<br>New Deaths/ Total Deaths:         0 / 14
1583.0,27071.0,Koochiching,Minnesota,US,2020-12-17 05:28:12,48.24539665,-93.78352843,502.0,8.0,0.0,494.0,"Koochiching, Minnesota, US",,,2020-12-16,4104.996320222422,1.593625498007968,Koochiching,13314.0,12229.0,December 2020,1.0,5.0,1.0,0.2857142857142857,4.104996320222422,Less than 5%,Elem. & MS/HS distance,0.0408864175320958,1856.2400000000016,2913.582608695652,92.0,75.23100825905634,149.0,35.0,114.0,93.22103197317851,Downward,County: Koochiching<br>MN Dept of <br>Health Statistic:    75.23<br>Trending:             Downward<br>Percent Infected:      4.1<br>New Cases / Total Cases: 1 / 502<br>New Deaths/ Total Deaths:         1 / 8
1627.0,27073.0,Lac qui Parle,Minnesota,US,2020-12-17 05:28:12,44.9973857,-96.17488219,530.0,10.0,0.0,520.0,"Lac qui Parle, Minnesota, US",,,2020-12-16,8002.415823644874,1.8867924528301887,Lac qui Parle,7258.0,6623.0,December 2020,10.0,9.285714285714286,2.0,0.8571428571428571,8.002415823644874,Between 5% and 10%,Armageddon?,0.14020405081857604,513.5199999999998,1278.0999999999997,132.0,199.30545070209874,192.0,65.0,127.0,191.75600181186775,Upward,County: Lac qui Parle<br>MN Dept of <br>Health Statistic:    199.31<br>Trending:             Upward<br>Percent Infected:      8.0<br>New Cases / Total Cases: 10 / 530<br>New Deaths/ Total Deaths:         2 / 10
1671.0,27075.0,Lake,Minnesota,US,2020-12-17 05:28:12,47.64270764,-91.44557998,505.0,13.0,0.0,492.0,"Lake, Minnesota, US",,,2020-12-16,4745.794568179684,2.5742574257425743,Lake,10862.0,10641.0,December 2020,3.0,3.5714285714285716,2.0,0.42857142857142855,4.745794568179682,Less than 5%,Elem. & MS/HS distance,0.03356290359391562,2242.1840000000066,2805.5299999999997,62.0,58.26520063903769,124.0,25.0,99.0,93.03636876233436,Downward,County: Lake<br>MN Dept of <br>Health Statistic:    58.27<br>Trending:             Downward<br>Percent Infected:      4.75<br>New Cases / Total Cases: 3 / 505<br>New Deaths/ Total Deaths:         2 / 13
1715.0,27077.0,Lake of the Woods,Minnesota,US,2020-12-17 05:28:12,48.77217001,-94.90274472,138.0,1.0,0.0,137.0,"Lake of the Woods, Minnesota, US",,,2020-12-16,3689.8395721925135,0.7246376811594203,Lake of the Woods,4045.0,3740.0,December 2020,0.0,2.0,0.0,0.0,3.6898395721925135,Less than 5%,Elem. & MS/HS distance,0.05347593582887703,1426.9999999999993,2562.0000000000005,36.0,96.2566844919786,45.0,14.0,31.0,82.88770053475936,Upward,County: Lake of the Woods<br>MN Dept of <br>Health Statistic:    96.26<br>Trending:             Upward<br>Percent Infected:      3.69<br>New Cases / Total Cases: 0 / 138<br>New Deaths/ Total Deaths:         0 / 1
1759.0,27079.0,Le Sueur,Minnesota,US,2020-12-17 05:28:12,44.37136597,-93.72844721,1813.0,13.0,0.0,1800.0,"Le Sueur, Minnesota, US",,,2020-12-16,6276.1795963582235,0.7170435741864313,Le Sueur,27701.0,28887.0,December 2020,16.0,13.428571428571429,0.0,0.14285714285714285,6.276179596358223,Between 5% and 10%,Elem. & MS/HS distance,0.046486555989100405,1585.9170212765953,1585.9170212765953,278.0,96.23706165403122,432.0,94.0,338.0,117.00765050022501,Downward,County: Le Sueur<br>MN Dept of <br>Health Statistic:    96.24<br>Trending:             Downward<br>Percent Infected:      6.28<br>New Cases / Total Cases: 16 / 1813<br>New Deaths/ Total Deaths:         0 / 13
1803.0,27081.0,Lincoln,Minnesota,US,2020-12-17 05:28:12,44.41311883,-96.26688165,431.0,1.0,0.0,430.0,"Lincoln, Minnesota, US",,,2020-12-16,7643.1991487852465,0.2320185614849188,Lincoln,5895.0,5639.0,December 2020,0.0,2.7142857142857144,0.0,0.0,7.6431991487852455,Between 5% and 10%,Armageddon?,0.04813416765890605,1503.2315789473696,1576.9157894736852,59.0,104.6284802269906,114.0,19.0,95.0,168.4695868061713,Downward,County: Lincoln<br>MN Dept of <br>Health Statistic:    104.63<br>Trending:             Downward<br>Percent Infected:      7.64<br>New Cases / Total Cases: 0 / 431<br>New Deaths/ Total Deaths:         0 / 1
1847.0,27083.0,Lyon,Minnesota,US,2020-12-17 05:28:12,44.41327865,-95.83806103,2630.0,24.0,0.0,2606.0,"Lyon, Minnesota, US",,,2020-12-16,10324.252178691999,0.9125475285171104,Lyon,25858.0,25474.0,December 2020,9.0,20.142857142857142,1.0,0.8571428571428571,10.324252178692,Between 10% and 15%,Armageddon?,0.07907221929362152,881.1659574468083,881.1659574468083,343.0,134.6470911517626,611.0,141.0,470.0,184.50184501845018,Downward,County: Lyon<br>MN Dept of <br>Health Statistic:    134.65<br>Trending:             Downward<br>Percent Infected:      10.32<br>New Cases / Total Cases: 9 / 2630<br>New Deaths/ Total Deaths:         1 / 24
1891.0,27087.0,Mahnomen,Minnesota,US,2020-12-17 05:28:12,47.32557075,-95.80921485,365.0,6.0,0.0,359.0,"Mahnomen, Minnesota, US",,,2020-12-16,6603.94427356613,1.643835616438356,Mahnomen,5413.0,5527.0,December 2020,3.0,2.857142857142857,0.0,0.0,6.60394427356613,Between 5% and 10%,Elem. & MS/HS distance,0.051694280027914985,1419.809999999998,1866.2000000000007,49.0,88.65569024787408,95.0,20.0,75.0,135.69748507327665,Downward,County: Mahnomen<br>MN Dept of <br>Health Statistic:    88.66<br>Trending:             Downward<br>Percent Infected:      6.6<br>New Cases / Total Cases: 3 / 365<br>New Deaths/ Total Deaths:         0 / 6
1935.0,27089.0,Marshall,Minnesota,US,2020-12-17 05:28:12,48.35825983,-96.37017407,641.0,11.0,0.0,630.0,"Marshall, Minnesota, US",,,2020-12-16,6865.8954584404455,1.71606864274571,Marshall,9439.0,9336.0,December 2020,5.0,8.0,0.0,0.0,6.865895458440446,Between 5% and 10%,Armageddon?,0.08568980291345328,853.4750000000001,982.5803921568623,113.0,121.03684661525278,198.0,56.0,142.0,152.0994001713796,Downward,County: Marshall<br>MN Dept of <br>Health Statistic:    121.04<br>Trending:             Downward<br>Percent Infected:      6.87<br>New Cases / Total Cases: 5 / 641<br>New Deaths/ Total Deaths:         0 / 11
1979.0,27091.0,Martin,Minnesota,US,2020-12-17 05:28:12,43.67429718,-94.55099908,1447.0,23.0,0.0,1424.0,"Martin, Minnesota, US",,,2020-12-16,7351.521617639587,1.5894955079474775,Martin,20843.0,19683.0,December 2020,15.0,11.714285714285714,0.0,0.0,7.3515216176395874,Between 5% and 10%,Armageddon?,0.05951473715534077,1220.680487804877,1878.9250000000013,235.0,119.39236904943353,428.0,82.0,346.0,175.78621145150638,Downward,County: Martin<br>MN Dept of <br>Health Statistic:    119.39<br>Trending:             Downward<br>Percent Infected:      7.35<br>New Cases / Total Cases: 15 / 1447<br>New Deaths/ Total Deaths:         0 / 23
2023.0,27085.0,McLeod,Minnesota,US,2020-12-17 05:28:12,44.82367677,-94.27287017,2875.0,31.0,0.0,2844.0,"McLeod, Minnesota, US",,,2020-12-16,8009.918368484106,1.0782608695652174,McLeod,36645.0,35893.0,December 2020,10.0,30.714285714285715,0.0,0.42857142857142855,8.009918368484106,Between 5% and 10%,Armageddon?,0.08557179871920921,841.2827906976731,949.6234146341459,610.0,169.94957234001058,919.0,215.0,704.0,196.13852283174992,Downward,County: McLeod<br>MN Dept of <br>Health Statistic:    169.95<br>Trending:             Downward<br>Percent Infected:      8.01<br>New Cases / Total Cases: 10 / 2875<br>New Deaths/ Total Deaths:         0 / 31
2067.0,27093.0,Meeker,Minnesota,US,2020-12-17 05:28:12,45.12328869,-94.52839455,1766.0,25.0,0.0,1741.0,"Meeker, Minnesota, US",,,2020-12-16,7604.857462750842,1.4156285390713477,Meeker,23298.0,23222.0,December 2020,4.0,15.714285714285714,3.0,1.1428571428571428,7.604857462750839,Between 5% and 10%,Armageddon?,0.06766982049042156,1069.8290909090922,1069.8290909090922,376.0,161.9154250279907,636.0,110.0,526.0,226.50934458702955,Downward,County: Meeker<br>MN Dept of <br>Health Statistic:    161.92<br>Trending:             Downward<br>Percent Infected:      7.6<br>New Cases / Total Cases: 4 / 1766<br>New Deaths/ Total Deaths:         3 / 25
2111.0,27095.0,Mille Lacs,Minnesota,US,2020-12-17 05:28:12,45.93705297,-93.63236823,1914.0,38.0,0.0,1876.0,"Mille Lacs, Minnesota, US",,,2020-12-16,7283.936522434069,1.9853709508881925,Mille Lacs,26097.0,26277.0,December 2020,10.0,16.142857142857142,0.0,0.2857142857142857,7.283936522434068,Between 5% and 10%,Armageddon?,0.06143340998918122,1183.6566371681413,1183.6566371681413,302.0,114.92940594436199,498.0,113.0,385.0,146.51596453171976,Downward,County: Mille Lacs<br>MN Dept of <br>Health Statistic:    114.93<br>Trending:             Downward<br>Percent Infected:      7.28<br>New Cases / Total Cases: 10 / 1914<br>New Deaths/ Total Deaths:         0 / 38
2155.0,27097.0,Morrison,Minnesota,US,2020-12-17 05:28:12,46.01265363,-94.27341528,2770.0,36.0,0.0,2734.0,"Morrison, Minnesota, US",,,2020-12-16,8296.890912358474,1.2996389891696751,Morrison,33198.0,33386.0,December 2020,3.0,17.428571428571427,0.0,0.2857142857142857,8.296890912358474,Between 5% and 10%,Armageddon?,0.0522032331772943,1373.537704918029,1373.537704918029,353.0,105.73294195171628,575.0,122.0,453.0,135.6856167255736,Downward,County: Morrison<br>MN Dept of <br>Health Statistic:    105.73<br>Trending:             Downward<br>Percent Infected:      8.3<br>New Cases / Total Cases: 3 / 2770<br>New Deaths/ Total Deaths:         0 / 36
2199.0,27099.0,Mower,Minnesota,US,2020-12-17 05:28:12,43.67142874,-92.75234549,3128.0,24.0,0.0,3104.0,"Mower, Minnesota, US",,,2020-12-16,7807.897758474364,0.7672634271099744,Mower,39167.0,40062.0,December 2020,15.0,21.0,1.0,0.14285714285714285,7.807897758474365,Between 5% and 10%,Armageddon?,0.052418750936049134,1377.2190476190474,2908.3178082191685,422.0,105.33672807148919,715.0,147.0,568.0,141.7802406270281,Downward,County: Mower<br>MN Dept of <br>Health Statistic:    105.34<br>Trending:             Downward<br>Percent Infected:      7.81<br>New Cases / Total Cases: 15 / 3128<br>New Deaths/ Total Deaths:         1 / 24
2243.0,27101.0,Murray,Minnesota,US,2020-12-17 05:28:12,44.02216709,-95.76328482,710.0,5.0,0.0,705.0,"Murray, Minnesota, US",,,2020-12-16,8664.876739077374,0.7042253521126759,Murray,8725.0,8194.0,December 2020,3.0,6.285714285714286,0.0,0.0,8.664876739077373,Between 5% and 10%,Armageddon?,0.07671118239827049,929.9181818181821,1276.5117647058828,104.0,126.92213814986576,161.0,44.0,117.0,142.78740541859898,Downward,County: Murray<br>MN Dept of <br>Health Statistic:    126.92<br>Trending:             Downward<br>Percent Infected:      8.66<br>New Cases / Total Cases: 3 / 710<br>New Deaths/ Total Deaths:         0 / 5
2287.0,27103.0,Nicollet,Minnesota,US,2020-12-17 05:28:12,44.35291112,-94.24710352,1924.0,30.0,0.0,1894.0,"Nicollet, Minnesota, US",,,2020-12-16,5613.584641419152,1.5592515592515592,Nicollet,32729.0,34274.0,December 2020,10.0,10.857142857142858,0.0,0.42857142857142855,5.613584641419152,Between 5% and 10%,Elem. & MS/HS distance,0.031677489809018154,2348.2421052631526,2348.2421052631526,230.0,67.1062613059462,416.0,76.0,340.0,99.20056019139872,Downward,County: Nicollet<br>MN Dept of <br>Health Statistic:    67.11<br>Trending:             Downward<br>Percent Infected:      5.61<br>New Cases / Total Cases: 10 / 1924<br>New Deaths/ Total Deaths:         0 / 30
2331.0,27105.0,Nobles,Minnesota,US,2020-12-17 05:28:12,43.67434621,-95.75329576,3417.0,42.0,0.0,3375.0,"Nobles, Minnesota, US",,,2020-12-16,15798.23385269777,1.2291483757682178,Nobles,21378.0,21629.0,December 2020,9.0,16.428571428571427,1.0,0.42857142857142855,15.798233852697766,Between 15% and 20%,Armageddon?,0.07595622279611369,845.2469565217391,845.2469565217391,280.0,129.45582320033287,430.0,115.0,315.0,145.6378011003745,Downward,County: Nobles<br>MN Dept of <br>Health Statistic:    129.46<br>Trending:             Downward<br>Percent Infected:      15.8<br>New Cases / Total Cases: 9 / 3417<br>New Deaths/ Total Deaths:         1 / 42
2375.0,27107.0,Norman,Minnesota,US,2020-12-17 05:28:12,47.32628443,-96.45620947,400.0,8.0,0.0,392.0,"Norman, Minnesota, US",,,2020-12-16,6274.509803921568,2.0,Norman,6845.0,6375.0,December 2020,1.0,1.2857142857142858,1.0,0.0,6.2745098039215685,Between 5% and 10%,Elem. & MS/HS distance,0.020168067226890685,3655.5555555555684,3655.5555555555684,37.0,58.03921568627451,78.0,9.0,69.0,108.23529411764706,Downward,County: Norman<br>MN Dept of <br>Health Statistic:    58.04<br>Trending:             Downward<br>Percent Infected:      6.27<br>New Cases / Total Cases: 1 / 400<br>New Deaths/ Total Deaths:         1 / 8
2419.0,27109.0,Olmsted,Minnesota,US,2020-12-17 05:28:12,44.00374114,-92.40209944,8278.0,46.0,0.0,8232.0,"Olmsted, Minnesota, US",,,2020-12-16,5229.54268350464,0.5556897801401305,Olmsted,144268.0,158293.0,December 2020,69.0,80.57142857142857,0.0,1.0,5.22954268350464,Between 5% and 10%,Elem. & MS/HS distance,0.050900184197297804,1468.9624113475172,2176.526208651398,1253.0,79.15700631108135,2017.0,564.0,1453.0,91.79180380686448,Downward,County: Olmsted<br>MN Dept of <br>Health Statistic:    79.16<br>Trending:             Downward<br>Percent Infected:      5.23<br>New Cases / Total Cases: 69 / 8278<br>New Deaths/ Total Deaths:         0 / 46
2463.0,27111.0,Otter Tail,Minnesota,US,2020-12-17 05:28:12,46.40846929,-95.70835255,3930.0,39.0,0.0,3891.0,"Otter Tail, Minnesota, US",,,2020-12-16,6689.817179041977,0.9923664122137404,Otter Tail,57301.0,58746.0,December 2020,20.0,33.57142857142857,2.0,0.7142857142857143,6.689817179041977,Between 5% and 10%,Armageddon?,0.057146747985273194,1282.840851063829,1282.840851063829,603.0,102.64528648759064,1102.0,235.0,867.0,147.58451639260545,Downward,County: Otter Tail<br>MN Dept of <br>Health Statistic:    102.65<br>Trending:             Downward<br>Percent Infected:      6.69<br>New Cases / Total Cases: 20 / 3930<br>New Deaths/ Total Deaths:         2 / 39
2507.0,27113.0,Pennington,Minnesota,US,2020-12-17 05:28:12,48.06642577,-96.0370814,848.0,11.0,0.0,837.0,"Pennington, Minnesota, US",,,2020-12-16,6006.0910829378845,1.2971698113207548,Pennington,13930.0,14119.0,December 2020,6.0,7.0,1.0,0.2857142857142857,6.0060910829378855,Between 5% and 10%,Armageddon?,0.04957858205255329,1492.457142857143,1878.0102564102544,173.0,122.52992421559601,263.0,49.0,214.0,151.56880798923436,Downward,County: Pennington<br>MN Dept of <br>Health Statistic:    122.53<br>Trending:             Downward<br>Percent Infected:      6.01<br>New Cases / Total Cases: 6 / 848<br>New Deaths/ Total Deaths:         1 / 11
2551.0,27115.0,Pine,Minnesota,US,2020-12-17 05:28:12,46.12105238,-92.74070188,2078.0,10.0,0.0,2068.0,"Pine, Minnesota, US",,,2020-12-16,7025.254403461917,0.4812319538017325,Pine,29747.0,29579.0,December 2020,55.0,45.714285714285715,0.0,0.0,7.025254403461916,Between 5% and 10%,Armageddon?,0.15454980125861503,472.17624999999975,1335.8450000000005,649.0,219.4124209743399,833.0,320.0,513.0,173.43385509990196,Upward,County: Pine<br>MN Dept of <br>Health Statistic:    219.41<br>Trending:             Upward<br>Percent Infected:      7.03<br>New Cases / Total Cases: 55 / 2078<br>New Deaths/ Total Deaths:         0 / 10
2595.0,27117.0,Pipestone,Minnesota,US,2020-12-17 05:28:12,44.02301619,-96.25841142,842.0,18.0,0.0,824.0,"Pipestone, Minnesota, US",,,2020-12-16,9226.386149463073,2.1377672209026133,Pipestone,9597.0,9126.0,December 2020,2.0,4.571428571428571,0.0,0.0,9.226386149463073,Between 5% and 10%,Armageddon?,0.05009235778466551,1412.8624999999993,1412.8624999999993,95.0,104.09818102125794,164.0,32.0,132.0,144.64168310322157,Downward,County: Pipestone<br>MN Dept of <br>Health Statistic:    104.1<br>Trending:             Downward<br>Percent Infected:      9.23<br>New Cases / Total Cases: 2 / 842<br>New Deaths/ Total Deaths:         0 / 18
2639.0,27119.0,Polk,Minnesota,US,2020-12-17 05:28:12,47.77372465,-96.40134647,3086.0,40.0,0.0,3046.0,"Polk, Minnesota, US",,,2020-12-16,9839.306210942485,1.2961762799740766,Polk,31600.0,31364.0,December 2020,20.0,20.571428571428573,0.0,0.8571428571428571,9.839306210942482,Between 5% and 10%,Armageddon?,0.0655893016561299,1069.6972222222216,1069.6972222222216,424.0,135.18683841346768,742.0,144.0,598.0,190.66445606427752,Downward,County: Polk<br>MN Dept of <br>Health Statistic:    135.19<br>Trending:             Downward<br>Percent Infected:      9.84<br>New Cases / Total Cases: 20 / 3086<br>New Deaths/ Total Deaths:         0 / 40
2683.0,27121.0,Pope,Minnesota,US,2020-12-17 05:28:12,45.58606667,-95.44451209,655.0,3.0,0.0,652.0,"Pope, Minnesota, US",,,2020-12-16,5822.739799093253,0.4580152671755725,Pope,10993.0,11249.0,December 2020,4.0,5.714285714285714,0.0,0.0,5.822739799093252,Between 5% and 10%,Elem. & MS/HS distance,0.05079816618620064,1460.235000000001,1500.7282051282086,91.0,80.89607965152457,156.0,40.0,116.0,103.12027735798738,Downward,County: Pope<br>MN Dept of <br>Health Statistic:    80.9<br>Trending:             Downward<br>Percent Infected:      5.82<br>New Cases / Total Cases: 4 / 655<br>New Deaths/ Total Deaths:         0 / 3
2727.0,27123.0,Ramsey,Minnesota,US,2020-12-17 05:28:12,45.01625271,-93.09872295,34503.0,607.0,0.0,33896.0,"Ramsey, Minnesota, US",,,2020-12-16,6269.613552817354,1.7592673100889775,Ramsey,508639.0,550321.0,December 2020,203.0,311.2857142857143,14.0,7.571428571428571,6.269613552817356,Between 5% and 10%,Armageddon?,0.056564389562766895,1303.477099586966,1303.477099586966,5555.0,100.94108711097705,8600.0,2179.0,6421.0,116.67735739686474,Downward,County: Ramsey<br>MN Dept of <br>Health Statistic:    100.94<br>Trending:             Downward<br>Percent Infected:      6.27<br>New Cases / Total Cases: 203 / 34503<br>New Deaths/ Total Deaths:         14 / 607
2771.0,27125.0,Red Lake,Minnesota,US,2020-12-17 05:28:12,47.87197525,-96.09561104,282.0,3.0,0.0,279.0,"Red Lake, Minnesota, US",,,2020-12-16,6954.377311960542,1.0638297872340423,Red Lake,4089.0,4055.0,December 2020,6.0,2.0,0.0,0.0,6.954377311960543,Between 5% and 10%,Armageddon?,0.04932182490752167,1480.9999999999973,1480.9999999999973,54.0,133.16892725030826,79.0,14.0,65.0,160.29593094944514,Downward,County: Red Lake<br>MN Dept of <br>Health Statistic:    133.17<br>Trending:             Downward<br>Percent Infected:      6.95<br>New Cases / Total Cases: 6 / 282<br>New Deaths/ Total Deaths:         0 / 3
2815.0,27127.0,Redwood,Minnesota,US,2020-12-17 05:28:12,44.40555844,-95.25207021,1218.0,24.0,0.0,1194.0,"Redwood, Minnesota, US",,,2020-12-16,8029.004614370468,1.9704433497536944,Redwood,16058.0,15170.0,December 2020,2.0,9.285714285714286,1.0,0.42857142857142855,8.029004614370468,Between 5% and 10%,Armageddon?,0.06121103682079289,1175.784615384616,1189.6956521739135,201.0,132.49835201054714,381.0,65.0,316.0,208.30586684245222,Downward,County: Redwood<br>MN Dept of <br>Health Statistic:    132.5<br>Trending:             Downward<br>Percent Infected:      8.03<br>New Cases / Total Cases: 2 / 1218<br>New Deaths/ Total Deaths:         1 / 24
2859.0,27129.0,Renville,Minnesota,US,2020-12-17 05:28:12,44.72836381,-94.94553734,1199.0,34.0,0.0,1165.0,"Renville, Minnesota, US",,,2020-12-16,8241.682705526533,2.835696413678065,Renville,15728.0,14548.0,December 2020,8.0,11.285714285714286,0.0,0.2857142857142857,8.241682705526532,Between 5% and 10%,Armageddon?,0.07757570996504169,925.0101265822802,1231.0593749999996,272.0,186.96728072587297,448.0,79.0,369.0,253.6431124553203,Downward,County: Renville<br>MN Dept of <br>Health Statistic:    186.97<br>Trending:             Downward<br>Percent Infected:      8.24<br>New Cases / Total Cases: 8 / 1199<br>New Deaths/ Total Deaths:         0 / 34
2903.0,27131.0,Rice,Minnesota,US,2020-12-17 05:28:12,44.3543376,-93.29658715,4973.0,47.0,0.0,4926.0,"Rice, Minnesota, US",,,2020-12-16,7425.49125007466,0.9451035592197868,Rice,64143.0,66972.0,December 2020,39.0,42.714285714285715,1.0,1.0,7.425491250074658,Between 5% and 10%,Armageddon?,0.06377931928908456,1137.9003344481605,1166.1136986301374,696.0,103.92402795197994,1113.0,299.0,814.0,121.54333154153974,Downward,County: Rice<br>MN Dept of <br>Health Statistic:    103.92<br>Trending:             Downward<br>Percent Infected:      7.43<br>New Cases / Total Cases: 39 / 4973<br>New Deaths/ Total Deaths:         1 / 47
2947.0,27133.0,Rock,Minnesota,US,2020-12-17 05:28:12,43.67482683,-96.25296832,978.0,10.0,0.0,968.0,"Rock, Minnesota, US",,,2020-12-16,10499.194847020934,1.0224948875255624,Rock,9686.0,9315.0,December 2020,8.0,8.857142857142858,0.0,0.0,10.499194847020934,Between 10% and 15%,Armageddon?,0.09508473276589235,730.9354838709664,1196.6585365853653,177.0,190.01610305958133,296.0,62.0,234.0,251.20772946859904,Downward,County: Rock<br>MN Dept of <br>Health Statistic:    190.02<br>Trending:             Downward<br>Percent Infected:      10.5<br>New Cases / Total Cases: 8 / 978<br>New Deaths/ Total Deaths:         0 / 10
2991.0,27135.0,Roseau,Minnesota,US,2020-12-17 05:28:12,48.77501878,-95.81079919,1528.0,11.0,0.0,1517.0,"Roseau, Minnesota, US",,,2020-12-16,10075.83250906693,0.7198952879581152,Roseau,15629.0,15165.0,December 2020,1.0,13.428571428571429,2.0,0.5714285714285714,10.075832509066931,Between 10% and 15%,Armageddon?,0.08854976214026676,789.6595744680836,789.6595744680836,281.0,185.2950873722387,478.0,94.0,384.0,253.21463897131554,Downward,County: Roseau<br>MN Dept of <br>Health Statistic:    185.3<br>Trending:             Downward<br>Percent Infected:      10.08<br>New Cases / Total Cases: 1 / 1528<br>New Deaths/ Total Deaths:         2 / 11
3035.0,27139.0,Scott,Minnesota,US,2020-12-17 05:28:12,44.6490231,-93.53340251,10285.0,72.0,0.0,10213.0,"Scott, Minnesota, US",,,2020-12-16,6902.082368652399,0.7000486144871172,Scott,129908.0,149013.0,December 2020,52.0,79.71428571428571,1.0,1.1428571428571428,6.902082368652399,Between 5% and 10%,Elem. & MS/HS distance,0.053494853277422524,1366.4476702508975,1366.4476702508975,1475.0,98.9846523457685,2458.0,558.0,1900.0,127.50565386912551,Downward,County: Scott<br>MN Dept of <br>Health Statistic:    98.98<br>Trending:             Downward<br>Percent Infected:      6.9<br>New Cases / Total Cases: 52 / 10285<br>New Deaths/ Total Deaths:         1 / 72
3079.0,27141.0,Sherburne,Minnesota,US,2020-12-17 05:28:12,45.44447208,-93.77617511,7141.0,49.0,0.0,7092.0,"Sherburne, Minnesota, US",,,2020-12-16,7343.836771632489,0.6861784063856603,Sherburne,88492.0,97238.0,December 2020,37.0,57.285714285714285,0.0,0.14285714285714285,7.343836771632489,Between 5% and 10%,Armageddon?,0.058912888259440015,1233.2812967581049,1233.2812967581049,1059.0,108.90804006664061,1755.0,401.0,1354.0,139.24597379625249,Downward,County: Sherburne<br>MN Dept of <br>Health Statistic:    108.91<br>Trending:             Downward<br>Percent Infected:      7.34<br>New Cases / Total Cases: 37 / 7141<br>New Deaths/ Total Deaths:         0 / 49
3123.0,27143.0,Sibley,Minnesota,US,2020-12-17 05:28:12,44.5796592,-94.23164924,944.0,4.0,0.0,940.0,"Sibley, Minnesota, US",,,2020-12-16,6350.487722838883,0.42372881355932196,Sibley,15234.0,14865.0,December 2020,2.0,6.142857142857143,0.0,0.0,6.350487722838883,Between 5% and 10%,Elem. & MS/HS distance,0.04132429964922402,1782.232558139533,1782.232558139533,125.0,84.09014463504877,203.0,43.0,160.0,107.63538513286242,Downward,County: Sibley<br>MN Dept of <br>Health Statistic:    84.09<br>Trending:             Downward<br>Percent Infected:      6.35<br>New Cases / Total Cases: 2 / 944<br>New Deaths/ Total Deaths:         0 / 4
3167.0,27137.0,St. Louis,Minnesota,US,2020-12-17 05:28:12,47.604840700000004,-92.46879855,11406.0,168.0,0.0,11238.0,"St. Louis, Minnesota, US",,,2020-12-16,5729.642839202291,1.4729089952656496,St. Louis,200229.0,199070.0,December 2020,73.0,112.14285714285714,9.0,3.857142857142857,5.729642839202291,Between 5% and 10%,Armageddon?,0.056333378782768485,1318.407643312101,1318.407643312101,2126.0,106.79660420957453,3471.0,785.0,2686.0,134.9274124679761,Downward,County: St. Louis<br>MN Dept of <br>Health Statistic:    106.8<br>Trending:             Downward<br>Percent Infected:      5.73<br>New Cases / Total Cases: 73 / 11406<br>New Deaths/ Total Deaths:         9 / 168
3211.0,27145.0,Stearns,Minnesota,US,2020-12-17 05:28:12,45.55192576,-94.61078221,16133.0,151.0,0.0,15982.0,"Stearns, Minnesota, US",,,2020-12-16,10015.831134564643,0.9359697514411456,Stearns,150642.0,161075.0,December 2020,68.0,94.85714285714286,6.0,1.8571428571428572,10.015831134564644,Between 10% and 15%,Armageddon?,0.0588900467838851,1188.3870481927702,1188.3870481927702,1819.0,112.9287598944591,3223.0,664.0,2559.0,158.87009157224895,Downward,County: Stearns<br>MN Dept of <br>Health Statistic:    112.93<br>Trending:             Downward<br>Percent Infected:      10.02<br>New Cases / Total Cases: 68 / 16133<br>New Deaths/ Total Deaths:         6 / 151
3255.0,27147.0,Steele,Minnesota,US,2020-12-17 05:28:12,44.02240351,-93.22627088,2371.0,9.0,0.0,2362.0,"Steele, Minnesota, US",,,2020-12-16,6469.480749815822,0.3795866722901729,Steele,36581.0,36649.0,December 2020,18.0,14.571428571428571,0.0,0.14285714285714285,6.46948074981582,Between 5% and 10%,Elem. & MS/HS distance,0.03975941655005195,1849.3862745098083,1849.3862745098083,315.0,85.9505034243772,589.0,102.0,487.0,132.88220688149744,Downward,County: Steele<br>MN Dept of <br>Health Statistic:    85.95<br>Trending:             Downward<br>Percent Infected:      6.47<br>New Cases / Total Cases: 18 / 2371<br>New Deaths/ Total Deaths:         0 / 9
3299.0,27149.0,Stevens,Minnesota,US,2020-12-17 05:28:12,45.58613007,-96.00163705,627.0,6.0,0.0,621.0,"Stevens, Minnesota, US",,,2020-12-16,6394.696583375829,0.9569377990430622,Stevens,9722.0,9805.0,December 2020,2.0,6.0,1.0,0.14285714285714285,6.394696583375828,Between 5% and 10%,Elem. & MS/HS distance,0.061193268740438435,1202.8333333333355,1202.8333333333355,94.0,95.8694543600204,163.0,42.0,121.0,123.40642529321775,Downward,County: Stevens<br>MN Dept of <br>Health Statistic:    95.87<br>Trending:             Downward<br>Percent Infected:      6.39<br>New Cases / Total Cases: 2 / 627<br>New Deaths/ Total Deaths:         1 / 6
3343.0,27151.0,Swift,Minnesota,US,2020-12-17 05:28:12,45.2829032,-95.68264092,741.0,13.0,0.0,728.0,"Swift, Minnesota, US",,,2020-12-16,7996.978199870496,1.7543859649122806,Swift,9781.0,9266.0,December 2020,0.0,5.142857142857143,0.0,0.14285714285714285,7.996978199870494,Between 5% and 10%,Armageddon?,0.05550245135826832,1297.2944444444445,1297.2944444444445,127.0,137.0602201597237,205.0,36.0,169.0,182.38722210230952,Downward,County: Swift<br>MN Dept of <br>Health Statistic:    137.06<br>Trending:             Downward<br>Percent Infected:      8.0<br>New Cases / Total Cases: 0 / 741<br>New Deaths/ Total Deaths:         0 / 13
3387.0,27153.0,Todd,Minnesota,US,2020-12-17 05:28:12,46.06996226,-94.89785296,2130.0,21.0,0.0,2109.0,"Todd, Minnesota, US",,,2020-12-16,8636.068764190723,0.9859154929577464,Todd,24895.0,24664.0,December 2020,9.0,13.571428571428571,2.0,0.8571428571428571,8.636068764190723,Between 5% and 10%,Armageddon?,0.05502525369538017,1296.93052631579,1296.93052631579,256.0,103.79500486539085,414.0,95.0,319.0,129.33830684398313,Downward,County: Todd<br>MN Dept of <br>Health Statistic:    103.8<br>Trending:             Downward<br>Percent Infected:      8.64<br>New Cases / Total Cases: 9 / 2130<br>New Deaths/ Total Deaths:         2 / 21
3431.0,27155.0,Traverse,Minnesota,US,2020-12-17 05:28:12,45.77298854,-96.47062949,182.0,2.0,0.0,180.0,"Traverse, Minnesota, US",,,2020-12-16,5584.5351334765255,1.0989010989010992,Traverse,3558.0,3259.0,December 2020,6.0,1.8571428571428572,0.0,0.0,5.5845351334765265,Between 5% and 10%,Elem. & MS/HS distance,0.05698505238241352,1305.8769230769235,2127.299999999995,30.0,92.05277692543726,46.0,13.0,33.0,101.25805461798097,Downward,County: Traverse<br>MN Dept of <br>Health Statistic:    92.05<br>Trending:             Downward<br>Percent Infected:      5.58<br>New Cases / Total Cases: 6 / 182<br>New Deaths/ Total Deaths:         0 / 2
3519.0,27157.0,Wabasha,Minnesota,US,2020-12-17 05:28:12,44.28424356,-92.23121312,1366.0,2.0,0.0,1364.0,"Wabasha, Minnesota, US",,,2020-12-16,6316.178850510935,0.14641288433382138,Wabasha,21665.0,21627.0,December 2020,14.0,17.428571428571427,0.0,0.0,6.316178850510935,Between 5% and 10%,Armageddon?,0.08058709681680971,914.3377049180324,1646.0450704225336,262.0,121.14486521477782,405.0,122.0,283.0,130.85494983122948,Downward,County: Wabasha<br>MN Dept of <br>Health Statistic:    121.14<br>Trending:             Downward<br>Percent Infected:      6.32<br>New Cases / Total Cases: 14 / 1366<br>New Deaths/ Total Deaths:         0 / 2
3563.0,27159.0,Wadena,Minnesota,US,2020-12-17 05:28:12,46.58589171,-94.96968506,1035.0,10.0,0.0,1025.0,"Wadena, Minnesota, US",,,2020-12-16,7564.683525800321,0.966183574879227,Wadena,13843.0,13682.0,December 2020,0.0,11.571428571428571,0.0,0.2857142857142857,7.564683525800322,Between 5% and 10%,Armageddon?,0.0845741015306869,856.471604938271,856.471604938271,182.0,133.02148808653706,298.0,81.0,217.0,158.60254348779418,Downward,County: Wadena<br>MN Dept of <br>Health Statistic:    133.02<br>Trending:             Downward<br>Percent Infected:      7.56<br>New Cases / Total Cases: 0 / 1035<br>New Deaths/ Total Deaths:         0 / 10
3607.0,27161.0,Waseca,Minnesota,US,2020-12-17 05:28:12,44.02211116,-93.58720034,1589.0,12.0,0.0,1577.0,"Waseca, Minnesota, US",,,2020-12-16,8537.502686438856,0.7551919446192574,Waseca,19138.0,18612.0,December 2020,7.0,11.714285714285714,0.0,0.14285714285714285,8.537502686438856,Between 5% and 10%,Elem. & MS/HS distance,0.06293942464155222,1135.4170731707331,2697.4500000000075,171.0,91.8762088974855,249.0,82.0,167.0,89.72705781216419,Upward,County: Waseca<br>MN Dept of <br>Health Statistic:    91.88<br>Trending:             Upward<br>Percent Infected:      8.54<br>New Cases / Total Cases: 7 / 1589<br>New Deaths/ Total Deaths:         0 / 12
3651.0,27163.0,Washington,Minnesota,US,2020-12-17 05:28:12,45.03864533,-92.88429635,17203.0,154.0,0.0,17049.0,"Washington, Minnesota, US",,,2020-12-16,6555.02210028959,0.8951926989478579,Washington,238109.0,262440.0,December 2020,113.0,154.28571428571428,4.0,2.857142857142857,6.55502210028959,Between 5% and 10%,Elem. & MS/HS distance,0.058788947677836614,1249.2990740740731,1249.2990740740731,2613.0,99.56561499771377,4137.0,1080.0,3057.0,116.48376771833561,Downward,County: Washington<br>MN Dept of <br>Health Statistic:    99.57<br>Trending:             Downward<br>Percent Infected:      6.56<br>New Cases / Total Cases: 113 / 17203<br>New Deaths/ Total Deaths:         4 / 154
3695.0,27165.0,Watonwan,Minnesota,US,2020-12-17 05:28:12,43.97823903,-94.61413846,998.0,5.0,0.0,993.0,"Watonwan, Minnesota, US",,,2020-12-16,9158.48398641828,0.501002004008016,Watonwan,11211.0,10897.0,December 2020,2.0,4.714285714285714,0.0,0.14285714285714285,9.15848398641828,Between 5% and 10%,Armageddon?,0.043262234691068456,1637.4909090909039,2575.236363636359,116.0,106.45131687620446,200.0,33.0,167.0,153.25318895108745,Downward,County: Watonwan<br>MN Dept of <br>Health Statistic:    106.45<br>Trending:             Downward<br>Percent Infected:      9.16<br>New Cases / Total Cases: 2 / 998<br>New Deaths/ Total Deaths:         0 / 5
3739.0,27167.0,Wilkin,Minnesota,US,2020-12-17 05:28:12,46.35721532,-96.4684375,544.0,5.0,0.0,539.0,"Wilkin, Minnesota, US",,,2020-12-16,8764.298372804897,0.9191176470588236,Wilkin,6576.0,6207.0,December 2020,6.0,7.714285714285714,0.0,0.0,8.764298372804898,Between 5% and 10%,Armageddon?,0.12428364289166614,573.17037037037,741.3155555555555,133.0,214.2742065410021,198.0,54.0,144.0,231.9961333977767,Downward,County: Wilkin<br>MN Dept of <br>Health Statistic:    214.27<br>Trending:             Downward<br>Percent Infected:      8.76<br>New Cases / Total Cases: 6 / 544<br>New Deaths/ Total Deaths:         0 / 5
3783.0,27169.0,Winona,Minnesota,US,2020-12-17 05:28:12,43.98772283,-91.78081305,3345.0,40.0,0.0,3305.0,"Winona, Minnesota, US",,,2020-12-16,6625.8616591395285,1.195814648729447,Winona,51461.0,50484.0,December 2020,15.0,21.571428571428573,1.0,0.8571428571428571,6.625861659139529,Between 5% and 10%,Elem. & MS/HS distance,0.0427292381178761,1717.1880794701988,1717.1880794701988,425.0,84.18508834482212,764.0,151.0,613.0,121.4246097773552,Downward,County: Winona<br>MN Dept of <br>Health Statistic:    84.19<br>Trending:             Downward<br>Percent Infected:      6.63<br>New Cases / Total Cases: 15 / 3345<br>New Deaths/ Total Deaths:         1 / 40
3827.0,27171.0,Wright,Minnesota,US,2020-12-17 05:28:12,45.17297924,-93.96234781,10057.0,69.0,0.0,9988.0,"Wright, Minnesota, US",,,2020-12-16,7267.826300613541,0.6860892910410661,Wright,124697.0,138377.0,December 2020,60.0,90.85714285714286,1.0,2.142857142857143,7.2678263006135415,Between 5% and 10%,Armageddon?,0.06565913616940884,1107.7235849056603,1107.7235849056603,1786.0,129.06769188521213,3033.0,636.0,2397.0,173.22242858278472,Downward,County: Wright<br>MN Dept of <br>Health Statistic:    129.07<br>Trending:             Downward<br>Percent Infected:      7.27<br>New Cases / Total Cases: 60 / 10057<br>New Deaths/ Total Deaths:         1 / 69
3871.0,27173.0,Yellow Medicine,Minnesota,US,2020-12-17 05:28:12,44.71710183,-95.86842453,797.0,13.0,0.0,784.0,"Yellow Medicine, Minnesota, US",,,2020-12-16,8208.878360284272,1.6311166875784189,Yellow Medicine,10438.0,9709.0,December 2020,1.0,4.857142857142857,0.0,0.0,8.208878360284272,Between 5% and 10%,Armageddon?,0.05002722069361264,1435.04117647059,1435.04117647059,121.0,124.62663508085282,204.0,34.0,170.0,175.09527242764446,Downward,County: Yellow Medicine<br>MN Dept of <br>Health Statistic:    124.63<br>Trending:             Downward<br>Percent Infected:      8.21<br>New Cases / Total Cases: 1 / 797<br>New Deaths/ Total Deaths:         0 / 13
,0,NA,,,,,,,,,,,,,2020-12-16,,,,,,,,,,,,,"Elem. hybrid, MS/HS distance",,,,,,,,,,,N
,0,NA,,,,,,,,,,,,,,,,,,,,,,,,,,Elem. & MS/HS in-person,,,,,,,,,,,N
,0,NA,,,,,,,,,,,,,,,,,,,,,,,,,,Armageddon?,,,,,,,,,,,N
,0,NA,,,,,,,,,,,,,,,,,,,,,,,,,,Elem. & MS/HS distance,,,,,,,,,,,N
,0,NA,,,,,,,,,,,,,,,,,,,,,,,,,,"Elem. hybrid, MS/HS distance",,,,,,,,,,,N
,0,NA,,,,,,,,,,,,,,,,,,,,,,,,,Less than 5%,,,,,,,,,,,,N
,0,NA,,,,,,,,,,,,,,,,,,,,,,,,,Between 5% and 10%,,,,,,,,,,,,N
,0,NA,,,,,,,,,,,,,,,,,,,,,,,,,Between 10% and 15%,,,,,,,,,,,,N
,0,NA,,,,,,,,,,,,,,,,,,,,,,,,,Between 15% and 20%,,,,,,,,,,,,N
